source,slug,trait_code,label,tier,legacy_flag,data_origin,sinergie,env_biomes
external_evo,rostro_emostatico_litico,TR-1101,Rostro Emostatico-Litico,T4,0,,scheletro_idraulico_a_pistoni,terrestre
external_evo,scheletro_idraulico_a_pistoni,TR-1102,Scheletro Idraulico a Pistoni,T4,0,,ipertrofia_muscolare_massiva;rostro_emostatico_litico,terrestre
external_evo,ipertrofia_muscolare_massiva,TR-1103,Ipertrofia Muscolare Massiva,T3,0,,scheletro_idraulico_a_pistoni,terrestre
external_evo,ectotermia_dinamica,TR-1104,Ectotermia Dinamica,T3,0,,ipertrofia_muscolare_massiva,terrestre
external_evo,organi_sismici_cutanei,TR-1105,Organi Sismici Cutanei,T2,0,,rostro_emostatico_litico,terrestre
external_evo,pelage_idrorepellente_avanzato,TR-1201,Pelage Idrorepellente Avanzato,T2,0,,coda_prensile_muscolare;scudo_gluteale_cheratinizzato,terrestre
external_evo,scudo_gluteale_cheratinizzato,TR-1202,Scudo Gluteale Cheratinizzato,T3,0,,pelage_idrorepellente_avanzato,terrestre
external_evo,articolazioni_multiassiali,TR-1203,Articolazioni Multiassiali,T3,0,,coda_prensile_muscolare,terrestre
external_evo,coda_prensile_muscolare,TR-1204,Coda Prensile Muscolare,T3,0,,articolazioni_multiassiali;rostro_linguale_prensile,terrestre
external_evo,rostro_linguale_prensile,TR-1205,Rostro Linguale Prensile,T3,0,,coda_prensile_muscolare,terrestre
external_evo,ermafroditismo_cronologico,TR-1301,Ermafroditismo Cronologico,T3,0,,locomozione_miriapode_ibrida,terrestre
external_evo,locomozione_miriapode_ibrida,TR-1302,Locomozione Miriapode Ibrida,T3,0,,artiglio_cinetico_a_urto,terrestre
external_evo,estroflessione_gastrica_acida,TR-1303,Estroflessione Gastrica Acida,T4,0,,artiglio_cinetico_a_urto,terrestre
external_evo,artiglio_cinetico_a_urto,TR-1304,Artiglio Cinetico a Urto,T4,0,,locomozione_miriapode_ibrida,terrestre
external_evo,sistemi_chimio_sonici,TR-1305,Sistemi Chimio-Sonici,T3,0,,locomozione_miriapode_ibrida,terrestre
external_evo,scheletro_pneumatico_a_maglie,TR-1401,Scheletro Pneumatico a Maglie,T3,0,,cinghia_iper_ciliare,terrestre
external_evo,cinghia_iper_ciliare,TR-1402,Cinghia Iper-Ciliare,T3,0,,scheletro_pneumatico_a_maglie,terrestre
external_evo,rete_filtro_polmonare,TR-1403,Rete Filtro-Polmonare,T3,0,,scheletro_pneumatico_a_maglie,terrestre
external_evo,canto_infrasonico_tattico,TR-1404,Canto Infrasonico Tattico,T4,0,,scheletro_pneumatico_a_maglie,terrestre
external_evo,siero_anti_gelo_naturale,TR-1405,Siero Anti-Gelo Naturale,T2,0,,scheletro_pneumatico_a_maglie,terrestre
external_evo,zanne_idracida,TR-1501,Zanne Idracida,T4,0,,articolazioni_a_leva_idraulica;seta_conduttiva_elettrica,terrestre
external_evo,seta_conduttiva_elettrica,TR-1502,Seta Conduttiva Elettrica,T4,0,,zanne_idracida,terrestre
external_evo,articolazioni_a_leva_idraulica,TR-1503,Articolazioni a Leva Idraulica,T3,0,,zanne_idracida,terrestre
external_evo,filtrazione_osmotica,TR-1504,Filtrazione Osmotica,T2,0,,zanne_idracida,terrestre
external_evo,occhi_analizzatori_di_tensione,TR-1505,Occhi Analizzatori di Tensione,T2,0,,seta_conduttiva_elettrica,terrestre
external_evo,membrana_plastica_continua,TR-1601,Membrana Plastica Continua,T3,0,,flusso_ameboide_controllato,terrestre
external_evo,flusso_ameboide_controllato,TR-1602,Flusso Ameboide Controllato,T2,0,,membrana_plastica_continua,terrestre
external_evo,fagocitosi_assorbente,TR-1603,Fagocitosi Assorbente,T3,0,,membrana_plastica_continua,terrestre
external_evo,moltiplicazione_per_fusione,TR-1604,Moltiplicazione per Fusione,T2,0,,membrana_plastica_continua,terrestre
external_evo,cisti_di_ibernazione_minerale,TR-1605,Cisti di Ibernazione Minerale,T2,0,,moltiplicazione_per_fusione,terrestre
external_evo,ali_fono_risonanti,TR-1701,Ali Fono-Risonanti,T3,0,,campo_di_interferenza_acustica;cannone_sonico_a_raggio,terrestre
external_evo,cannone_sonico_a_raggio,TR-1702,Cannone Sonico a Raggio,T4,0,,ali_fono_risonanti,terrestre
external_evo,campo_di_interferenza_acustica,TR-1703,Campo di Interferenza Acustica,T3,0,,ali_fono_risonanti,terrestre
external_evo,cervello_a_bassa_latenza,TR-1704,Cervello a Bassa Latenza,T3,0,,ali_fono_risonanti,terrestre
external_evo,occhi_cinetici,TR-1705,Occhi Cinetici,T2,0,,cannone_sonico_a_raggio,terrestre
external_evo,integumento_bipolare,TR-1801,Integumento Bipolare,T3,0,,scivolamento_magnetico,terrestre
external_evo,elettromagnete_biologico,TR-1802,Elettromagnete Biologico,T4,0,,integumento_bipolare,terrestre
external_evo,scivolamento_magnetico,TR-1803,Scivolamento Magnetico,T3,0,,integumento_bipolare,terrestre
external_evo,filtro_metallofago,TR-1804,Filtro Metallofago,T2,0,,elettromagnete_biologico,terrestre
external_evo,bozzolo_magnetico,TR-1805,Bozzolo Magnetico,T2,0,,integumento_bipolare,terrestre
external_evo,vello_di_assorbimento_totale,TR-1901,Vello di Assorbimento Totale,T3,0,,visione_multi_spettrale_amplificata,terrestre
external_evo,visione_multi_spettrale_amplificata,TR-1902,Visione Multi-Spettrale Amplificata,T3,0,,vello_di_assorbimento_totale,terrestre
external_evo,motore_biologico_silenzioso,TR-1903,Motore Biologico Silenzioso,T2,0,,vello_di_assorbimento_totale,terrestre
external_evo,artigli_ipo_termici,TR-1904,Artigli Ipo-Termici,T3,0,,visione_multi_spettrale_amplificata,terrestre
external_evo,comunicazione_fotonica_coda_coda,TR-1905,Comunicazione Fotonica Coda-Coda,T2,0,,vello_di_assorbimento_totale,terrestre
external_evo,corna_psico_conduttive,TR-2001,Corna Psico-Conduttive,T3,0,,coscienza_d_alveare_diffusa,terrestre
external_evo,coscienza_dalveare_diffusa,TR-2002,Coscienza dâ€™Alveare Diffusa,T4,0,,corna_psico_conduttive,terrestre
external_evo,aura_di_dispersione_mentale,TR-2003,Aura di Dispersione Mentale,T3,0,,corna_psico_conduttive,terrestre
external_evo,metabolismo_di_condivisione_energetica,TR-2004,Metabolismo di Condivisione Energetica,T3,0,,corna_psico_conduttive,terrestre
external_evo,unghie_a_micro_adesione,TR-2005,Unghie a Micro-Adesione,T2,0,,corna_psico_conduttive,terrestre
external_evo,traits_aggregate,traits_aggregate,,,0,,,
legacy_index,fagocitosi_assorbente,,i18n:traits.fagocitosi_assorbente.label,T3,0,coverage_q4_2025,cisti_di_ibernazione_minerale;membrana_plastica_continua,terrestre
legacy_index,filtro_metallofago,,i18n:traits.filtro_metallofago.label,T2,0,coverage_q4_2025,bozzolo_magnetico;elettromagnete_biologico,terrestre
legacy_index,cervello_a_bassa_latenza,,i18n:traits.cervello_a_bassa_latenza.label,T3,0,coverage_q4_2025,ali_fono_risonanti;ali_solari_fotoni;spore_psichiche_silenziate,terrestre
legacy_index,comunicazione_fotonica_coda_coda,,i18n:traits.comunicazione_fotonica_coda_coda.label,T2,0,coverage_q4_2025,vello_di_assorbimento_totale,terrestre
legacy_index,corna_psico_conduttive,,i18n:traits.corna_psico_conduttive.label,T3,0,coverage_q4_2025,aura_di_dispersione_mentale;coscienza_d_alveare_diffusa;metabolismo_di_condivisione_energetica;unghie_a_micro_adesione,terrestre
legacy_index,coscienza_d_alveare_diffusa,,i18n:traits.coscienza_d_alveare_diffusa.label,T4,0,coverage_q4_2025,corna_psico_conduttive,terrestre
legacy_index,ali_membrana_sonica,,i18n:traits.ali_membrana_sonica.label,T1,0,coverage_q4_2025,carapace_fase_variabile;mimetismo_cromatico_passivo,caverna_risonante
legacy_index,ali_solari_fotoni,,i18n:traits.ali_solari_fotoni.label,T2,0,coverage_q4_2025,antenne_tesla;cervello_a_bassa_latenza;occhi_cristallo_modulare,terrestre
legacy_index,appendici_risonanti_marea,,i18n:traits.appendici_risonanti_marea.label,T1,0,coverage_q4_2025,carapace_fase_variabile;mimetismo_cromatico_passivo,laguna_bioreattiva
legacy_index,barriere_miasma_glaciale,,i18n:traits.barriere_miasma_glaciale.label,T1,0,coverage_q4_2025,carapace_fase_variabile;mimetismo_cromatico_passivo,caldera_glaciale
legacy_index,bozzolo_magnetico,,i18n:traits.bozzolo_magnetico.label,T2,0,coverage_q4_2025,filtro_metallofago;integumento_bipolare,terrestre
legacy_index,branchie_microfiltri,,i18n:traits.branchie_microfiltri.label,T1,0,coverage_q4_2025,carapace_fase_variabile;mimetismo_cromatico_passivo,reef_luminescente
legacy_index,campo_di_interferenza_acustica,,i18n:traits.campo_di_interferenza_acustica.label,T3,0,coverage_q4_2025,ali_fono_risonanti;cannone_sonico_a_raggio;ghiandola_caustica;occhi_cinetici;spore_psichiche_silenziate,terrestre
legacy_index,capsule_paracadute,,i18n:traits.capsule_paracadute.label,T1,0,coverage_q4_2025,carapace_fase_variabile;mimetismo_cromatico_passivo,stratosfera_tempestosa
legacy_index,circolazione_bifasica,,i18n:traits.circolazione_bifasica.label,T1,0,coverage_q4_2025,carapace_fase_variabile;mimetismo_cromatico_passivo,caldera_glaciale
legacy_index,cisti_di_ibernazione_minerale,,i18n:traits.cisti_di_ibernazione_minerale.label,T2,0,coverage_q4_2025,fagocitosi_assorbente;moltiplicazione_per_fusione,terrestre
legacy_index,coda_coppia_retroattiva,,i18n:traits.coda_coppia_retroattiva.label,T1,0,coverage_q4_2025,carapace_fase_variabile;mimetismo_cromatico_passivo,steppe_algoritmiche
legacy_index,cute_resistente_sali,,i18n:traits.cute_resistente_sali.label,T2,0,coverage_q4_2025,carapace_fase_variabile;mimetismo_cromatico_passivo,badlands
legacy_index,enzimi_antipredatori_algali,,i18n:traits.enzimi_antipredatori_algali.label,T1,0,coverage_q4_2025,carapace_fase_variabile;mimetismo_cromatico_passivo,reef_luminescente
legacy_index,filtri_planctonici,,i18n:traits.filtri_planctonici.label,T1,0,coverage_q4_2025,carapace_fase_variabile;mimetismo_cromatico_passivo,laguna_bioreattiva
legacy_index,ghiandole_fango_coesivo,,i18n:traits.ghiandole_fango_coesivo.label,T1,0,coverage_q4_2025,carapace_fase_variabile;mimetismo_cromatico_passivo,mangrovieto_cinetico
legacy_index,giunti_antitorsione,,i18n:traits.giunti_antitorsione.label,T1,0,coverage_q4_2025,carapace_fase_variabile;mimetismo_cromatico_passivo,mangrovieto_cinetico
legacy_index,lingua_cristallina,,i18n:traits.lingua_cristallina.label,T1,0,coverage_q4_2025,carapace_fase_variabile;mimetismo_cromatico_passivo,pianura_salina_iperarida
legacy_index,membrana_plastica_continua,,i18n:traits.membrana_plastica_continua.label,T3,0,coverage_q4_2025,fagocitosi_assorbente;flusso_ameboide_controllato;moltiplicazione_per_fusione;secrezione_rallentante_palmi,terrestre
legacy_index,mucose_barofile,,i18n:traits.mucose_barofile.label,T1,0,coverage_q4_2025,carapace_fase_variabile;mimetismo_cromatico_passivo,abisso_vulcanico
legacy_index,pelage_idrorepellente_avanzato,,i18n:traits.pelage_idrorepellente_avanzato.label,T2,0,coverage_q4_2025,coda_prensile_muscolare;scudo_gluteale_cheratinizzato,terrestre
legacy_index,scudo_gluteale_cheratinizzato,,i18n:traits.scudo_gluteale_cheratinizzato.label,T3,0,coverage_q4_2025,pelage_idrorepellente_avanzato,terrestre
legacy_index,vello_di_assorbimento_totale,,i18n:traits.vello_di_assorbimento_totale.label,T3,0,coverage_q4_2025,comunicazione_fotonica_coda_coda;motore_biologico_silenzioso;visione_multi_spettrale_amplificata,terrestre
legacy_index,armatura_pietra_planare,,i18n:traits.armatura_pietra_planare.label,T2,1,pathfinder_dataset,carapace_fase_variabile,rovine_planari
legacy_index,mantello_meteoritico,,i18n:traits.mantello_meteoritico.label,T3,1,pathfinder_dataset,carapace_fase_variabile;frusta_fiammeggiante,rovine_planari
legacy_index,filamenti_digestivi_compattanti,,i18n:traits.filamenti_digestivi_compattanti.label,T2,1,controllo_psionico,antenne_dustsense;appendici_thermotattiche;batteri_endosimbionti_chemio;branchie_solfatiche;carapace_segmenti_logici;circolazione_cooling_loop;coda_stabilizzatrice_filo;cuticole_cerose;enzimi_chelanti;flagelli_ancoranti;ghiandole_grafene;grassi_termici;luminescenza_aurorale;ventriglio_gastroliti,caverna_risonante;falde_magnetiche_psioniche
legacy_index,ventriglio_gastroliti,,i18n:traits.ventriglio_gastroliti.label,T1,1,controllo_psionico,antenne_dustsense;appendici_thermotattiche;batteri_endosimbionti_chemio;branchie_solfatiche;carapace_segmenti_logici;circolazione_cooling_loop;coda_stabilizzatrice_filo;cuticole_cerose;enzimi_chelanti;filamenti_digestivi_compattanti;flagelli_ancoranti;ghiandole_grafene;grassi_termici;luminescenza_aurorale,caverna_risonante
legacy_index,spore_psichiche_silenziate,,i18n:traits.spore_psichiche_silenziate.label,T1,1,controllo_psionico,campo_di_interferenza_acustica;cervello_a_bassa_latenza;empatia_coordinativa;focus_frazionato;tattiche_di_branco,caverna_risonante
legacy_index,ectotermia_dinamica,,i18n:traits.ectotermia_dinamica.label,T3,0,incoming_tr1100_pack,ipertrofia_muscolare_massiva;rostro_emostatico_litico,terrestre
legacy_index,filtrazione_osmotica,,i18n:traits.filtrazione_osmotica.label,T2,0,coverage_q4_2025,zanne_idracida,terrestre
legacy_index,ipertrofia_muscolare_massiva,,i18n:traits.ipertrofia_muscolare_massiva.label,T3,0,incoming_tr1100_pack,ectotermia_dinamica;scheletro_idraulico_a_pistoni,terrestre
legacy_index,metabolismo_di_condivisione_energetica,,i18n:traits.metabolismo_di_condivisione_energetica.label,T3,0,coverage_q4_2025,corna_psico_conduttive,terrestre
legacy_index,motore_biologico_silenzioso,,i18n:traits.motore_biologico_silenzioso.label,T2,0,coverage_q4_2025,artigli_ipo_termici;vello_di_assorbimento_totale,terrestre
legacy_index,rete_filtro_polmonare,,i18n:traits.rete_filtro_polmonare.label,T3,0,coverage_q4_2025,scheletro_pneumatico_a_maglie,terrestre
legacy_index,siero_anti_gelo_naturale,,i18n:traits.siero_anti_gelo_naturale.label,T2,0,coverage_q4_2025,scheletro_pneumatico_a_maglie,terrestre
legacy_index,bioantenne_gravitiche,,i18n:traits.bioantenne_gravitiche.label,T3,0,frattura_abissale_sinaptica,,frattura_abissale_sinaptica
legacy_index,camere_risonanza_abyssal,,i18n:traits.camere_risonanza_abyssal.label,T3,0,frattura_abissale_sinaptica,,frattura_abissale_sinaptica
legacy_index,canto_risonante,,i18n:traits.canto_risonante.label,T3,0,frattura_abissale_sinaptica,,frattura_abissale_sinaptica
legacy_index,coralli_sinaptici_fotofase,,i18n:traits.coralli_sinaptici_fotofase.label,T1,0,frattura_abissale_sinaptica,,frattura_abissale_sinaptica
legacy_index,corazze_ferro_magnetico,,i18n:traits.corazze_ferro_magnetico.label,T3,0,frattura_abissale_sinaptica,,frattura_abissale_sinaptica
legacy_index,emettitori_voidsong,,i18n:traits.emettitori_voidsong.label,T3,0,frattura_abissale_sinaptica,,frattura_abissale_sinaptica
legacy_index,emolinfa_conducente,,i18n:traits.emolinfa_conducente.label,T3,0,frattura_abissale_sinaptica,,frattura_abissale_sinaptica
legacy_index,filamenti_echo,,i18n:traits.filamenti_echo.label,T3,0,frattura_abissale_sinaptica,,frattura_abissale_sinaptica
legacy_index,filamenti_guidalampo,,i18n:traits.filamenti_guidalampo.label,T1,0,frattura_abissale_sinaptica,,frattura_abissale_sinaptica
legacy_index,ghiandole_mnemoniche,,i18n:traits.ghiandole_mnemoniche.label,T2,0,frattura_abissale_sinaptica,,frattura_abissale_sinaptica
legacy_index,impulsi_bioluminescenti,,i18n:traits.impulsi_bioluminescenti.label,T1,0,frattura_abissale_sinaptica,,frattura_abissale_sinaptica
legacy_index,lobi_risonanti_crepuscolo,,i18n:traits.lobi_risonanti_crepuscolo.label,T2,0,frattura_abissale_sinaptica,,frattura_abissale_sinaptica
legacy_index,membrane_fotoconvoglianti,,i18n:traits.membrane_fotoconvoglianti.label,T1,0,frattura_abissale_sinaptica,,frattura_abissale_sinaptica
legacy_index,nebbia_mnesica,,i18n:traits.nebbia_mnesica.label,T2,0,frattura_abissale_sinaptica,,frattura_abissale_sinaptica
legacy_index,nodi_sinaptici_superficiali,,i18n:traits.nodi_sinaptici_superficiali.label,T1,0,frattura_abissale_sinaptica,,frattura_abissale_sinaptica
legacy_index,organi_metacronici,,i18n:traits.organi_metacronici.label,T2,0,frattura_abissale_sinaptica,,frattura_abissale_sinaptica
legacy_index,pelle_piezo_satura,,i18n:traits.pelle_piezo_satura.label,T3,0,frattura_abissale_sinaptica,,frattura_abissale_sinaptica
legacy_index,placca_diffusione_foschia,,i18n:traits.placca_diffusione_foschia.label,T2,0,frattura_abissale_sinaptica,,frattura_abissale_sinaptica
legacy_index,placche_pressioniche,,i18n:traits.placche_pressioniche.label,T3,0,frattura_abissale_sinaptica,,frattura_abissale_sinaptica
legacy_index,riverbero_memetico,,i18n:traits.riverbero_memetico.label,T3,0,frattura_abissale_sinaptica,,frattura_abissale_sinaptica
legacy_index,scintilla_sinaptica,,i18n:traits.scintilla_sinaptica.label,T2,0,frattura_abissale_sinaptica,,frattura_abissale_sinaptica
legacy_index,secrezioni_antistatiche,,i18n:traits.secrezioni_antistatiche.label,T2,0,frattura_abissale_sinaptica,,frattura_abissale_sinaptica
legacy_index,sensori_planctonici,,i18n:traits.sensori_planctonici.label,T1,0,frattura_abissale_sinaptica,,frattura_abissale_sinaptica
legacy_index,spicole_canalizzatrici,,i18n:traits.spicole_canalizzatrici.label,T2,0,frattura_abissale_sinaptica,,frattura_abissale_sinaptica
legacy_index,squame_diffusori_ionici,,i18n:traits.squame_diffusori_ionici.label,T1,0,frattura_abissale_sinaptica,,frattura_abissale_sinaptica
legacy_index,vortice_nera_flash,,i18n:traits.vortice_nera_flash.label,T3,0,frattura_abissale_sinaptica,,frattura_abissale_sinaptica
legacy_index,sacche_galleggianti_ascensoriali,,i18n:traits.sacche_galleggianti_ascensoriali.label,T1,1,controllo_psionico,cartilagine_flessotermica_venti;respiro_a_scoppio;scheletro_idro_regolante;struttura_elastica_amorfa,canopia_psionica_leggera;orbita_psionica_inversa
legacy_index,ali_fono_risonanti,,i18n:traits.ali_fono_risonanti.label,T3,0,coverage_q4_2025,campo_di_interferenza_acustica;cannone_sonico_a_raggio;cervello_a_bassa_latenza;occhi_cinetici,terrestre
legacy_index,articolazioni_a_leva_idraulica,,i18n:traits.articolazioni_a_leva_idraulica.label,T3,0,coverage_q4_2025,occhi_analizzatori_di_tensione;zanne_idracida,terrestre
legacy_index,articolazioni_multiassiali,,i18n:traits.articolazioni_multiassiali.label,T3,0,coverage_q4_2025,coda_prensile_muscolare,terrestre
legacy_index,cinghia_iper_ciliare,,i18n:traits.cinghia_iper_ciliare.label,T3,0,coverage_q4_2025,scheletro_pneumatico_a_maglie,terrestre
legacy_index,coda_prensile_muscolare,,i18n:traits.coda_prensile_muscolare.label,T3,0,coverage_q4_2025,articolazioni_multiassiali;pelage_idrorepellente_avanzato;rostro_linguale_prensile,terrestre
legacy_index,flusso_ameboide_controllato,,i18n:traits.flusso_ameboide_controllato.label,T2,0,coverage_q4_2025,membrana_plastica_continua;nucleo_ovomotore_rotante,terrestre
legacy_index,locomozione_miriapode_ibrida,,i18n:traits.locomozione_miriapode_ibrida.label,T3,0,coverage_q4_2025,artiglio_cinetico_a_urto;ermafroditismo_cronologico;nucleo_ovomotore_rotante;sistemi_chimio_sonici,terrestre
legacy_index,scheletro_idraulico_a_pistoni,,i18n:traits.scheletro_idraulico_a_pistoni.label,T4,0,coverage_q4_2025,ipertrofia_muscolare_massiva;rostro_emostatico_litico,terrestre
legacy_index,scheletro_pneumatico_a_maglie,,i18n:traits.scheletro_pneumatico_a_maglie.label,T3,0,coverage_q4_2025,canto_infrasonico_tattico;cinghia_iper_ciliare;rete_filtro_polmonare;siero_anti_gelo_naturale,terrestre
legacy_index,scivolamento_magnetico,,i18n:traits.scivolamento_magnetico.label,T3,0,coverage_q4_2025,integumento_bipolare,terrestre
legacy_index,unghie_a_micro_adesione,,i18n:traits.unghie_a_micro_adesione.label,T2,0,coverage_q4_2025,corna_psico_conduttive,terrestre
legacy_index,ali_ioniche,,i18n:traits.ali_ioniche.label,T1,0,coverage_q4_2025,coda_frusta_cinetica;zampe_a_molla,canopia_ionica
legacy_index,antenne_wideband,,i18n:traits.antenne_wideband.label,T1,0,coverage_q4_2025,coda_frusta_cinetica;zampe_a_molla,steppe_algoritmiche
legacy_index,artigli_sette_vie,,i18n:traits.artigli_sette_vie.label,T1,1,controllo_psionico,coda_frusta_cinetica;mimetismo_cromatico_passivo;struttura_elastica_amorfa;tattiche_di_branco,caverna_risonante
legacy_index,artigli_sghiaccio_glaciale,,i18n:traits.artigli_sghiaccio_glaciale.label,T2,1,controllo_psionico,cartilagine_flessotermica_venti;sonno_emisferico_alternato;zampe_a_molla,calotte_glaciali
legacy_index,barbigli_sensori_plasma,,i18n:traits.barbigli_sensori_plasma.label,T1,0,coverage_q4_2025,coda_frusta_cinetica;zampe_a_molla,stratosfera_tempestosa
legacy_index,branchie_metalloidi,,i18n:traits.branchie_metalloidi.label,T1,0,coverage_q4_2025,coda_frusta_cinetica;zampe_a_molla,abisso_vulcanico
legacy_index,capillari_fotovoltaici,,i18n:traits.capillari_fotovoltaici.label,T1,0,coverage_q4_2025,coda_frusta_cinetica;zampe_a_molla,canopia_ionica
legacy_index,cartilagine_flessotermica_venti,,i18n:traits.cartilagine_flessotermica_venti.label,T2,1,controllo_psionico,artigli_sghiaccio_glaciale;carapace_fase_variabile;sacche_galleggianti_ascensoriali;zoccoli_risonanti_steppe,gole_ventose
legacy_index,chemiorecettori_bromuro,,i18n:traits.chemiorecettori_bromuro.label,T1,0,coverage_q4_2025,coda_frusta_cinetica;zampe_a_molla,pianura_salina_iperarida
legacy_index,coda_contrappeso,,i18n:traits.coda_contrappeso.label,T1,0,coverage_q4_2025,coda_frusta_cinetica;zampe_a_molla,mangrovieto_cinetico
legacy_index,coda_frusta_cinetica,,i18n:traits.coda_frusta_cinetica.label,T1,1,controllo_psionico,ali_ioniche;antenne_flusso_mareale;antenne_wideband;artigli_induzione;artigli_sette_vie;barbigli_sensori_plasma;biochip_memoria;branchie_metalloidi;camere_anticorrosione;capillari_fotovoltaici;cartilagini_biofibre;chemiorecettori_bromuro;circolazione_supercritica;coda_contrappeso;coda_stabilizzatrice_vortex;cuscinetti_elettrostatici;denti_chelatanti;enzimi_antifase_termica;enzimi_metanoossidanti;filamenti_termoconduzione;foliaggio_spugna;ghiandole_fango_calde;ghiandole_iodoattive;ghiandole_ventosa;gusci_magnesio;linfa_tampone;mantelli_geotermici;mucose_aderenza_sonica,falde_magnetiche_psioniche;orbita_psionica_inversa
legacy_index,cuscinetti_elettrostatici,,i18n:traits.cuscinetti_elettrostatici.label,T1,0,coverage_q4_2025,coda_frusta_cinetica;zampe_a_molla,pianura_salina_iperarida
legacy_index,enzimi_antifase_termica,,i18n:traits.enzimi_antifase_termica.label,T1,0,coverage_q4_2025,coda_frusta_cinetica;zampe_a_molla,caldera_glaciale
legacy_index,filamenti_termoconduzione,,i18n:traits.filamenti_termoconduzione.label,T1,0,coverage_q4_2025,coda_frusta_cinetica;zampe_a_molla,dorsale_termale_tropicale
legacy_index,ghiandole_fango_calde,,i18n:traits.ghiandole_fango_calde.label,T1,0,coverage_q4_2025,coda_frusta_cinetica;zampe_a_molla,abisso_vulcanico
legacy_index,ghiandole_ventosa,,i18n:traits.ghiandole_ventosa.label,T1,0,coverage_q4_2025,coda_frusta_cinetica;zampe_a_molla,caldera_glaciale
legacy_index,linfa_tampone,,i18n:traits.linfa_tampone.label,T1,0,coverage_q4_2025,coda_frusta_cinetica;zampe_a_molla,foresta_acida
legacy_index,mucose_aderenza_sonica,,i18n:traits.mucose_aderenza_sonica.label,T1,0,coverage_q4_2025,coda_frusta_cinetica;zampe_a_molla,caverna_risonante
legacy_index,zampe_a_molla,,i18n:traits.zampe_a_molla.label,T1,1,controllo_psionico,ali_ioniche;antenne_wideband;artigli_sghiaccio_glaciale;barbigli_sensori_plasma;branchie_metalloidi;capillari_fotovoltaici;chemiorecettori_bromuro;coda_contrappeso;cuscinetti_elettrostatici;enzimi_antifase_termica;filamenti_termoconduzione;ghiandole_fango_calde;ghiandole_ventosa;linfa_tampone;mucose_aderenza_sonica,foresta_miceliale
legacy_index,zoccoli_risonanti_steppe,,i18n:traits.zoccoli_risonanti_steppe.label,T1,1,controllo_psionico,cartilagine_flessotermica_venti,steppe_risonanti
legacy_index,rostro_linguale_prensile,,i18n:traits.rostro_linguale_prensile.label,T3,0,coverage_q4_2025,coda_prensile_muscolare,terrestre
legacy_index,antenne_dustsense,,i18n:traits.antenne_dustsense.label,T1,0,coverage_q4_2025,filamenti_digestivi_compattanti;ventriglio_gastroliti,pianura_salina_iperarida
legacy_index,appendici_thermotattiche,,i18n:traits.appendici_thermotattiche.label,T1,0,coverage_q4_2025,filamenti_digestivi_compattanti;ventriglio_gastroliti,abisso_vulcanico
legacy_index,batteri_endosimbionti_chemio,,i18n:traits.batteri_endosimbionti_chemio.label,T1,0,coverage_q4_2025,filamenti_digestivi_compattanti;ventriglio_gastroliti,abisso_vulcanico
legacy_index,branchie_solfatiche,,i18n:traits.branchie_solfatiche.label,T1,0,coverage_q4_2025,filamenti_digestivi_compattanti;ventriglio_gastroliti,caldera_glaciale
legacy_index,carapace_segmenti_logici,,i18n:traits.carapace_segmenti_logici.label,T1,0,coverage_q4_2025,filamenti_digestivi_compattanti;ventriglio_gastroliti,steppe_algoritmiche
legacy_index,circolazione_bifasica_palude,,i18n:traits.circolazione_bifasica_palude.label,T2,1,controllo_psionico,mucillagine_simbionte_mangrovie,paludi_gas_luminescenti
legacy_index,circolazione_cooling_loop,,i18n:traits.circolazione_cooling_loop.label,T1,0,coverage_q4_2025,filamenti_digestivi_compattanti;ventriglio_gastroliti,steppe_algoritmiche
legacy_index,coda_stabilizzatrice_filo,,i18n:traits.coda_stabilizzatrice_filo.label,T1,0,coverage_q4_2025,filamenti_digestivi_compattanti;ventriglio_gastroliti,canopia_ionica
legacy_index,criostasi_adattiva,,i18n:traits.criostasi_adattiva.label,T1,1,controllo_psionico,cavita_risonanti_tundra,canopia_psionica_leggera;orbita_psionica_inversa
legacy_index,cuticole_cerose,,i18n:traits.cuticole_cerose.label,T1,1,controllo_psionico,filamenti_digestivi_compattanti;ventriglio_gastroliti,foresta_miceliale
legacy_index,enzimi_chelanti,,i18n:traits.enzimi_chelanti.label,T1,1,controllo_psionico,filamenti_digestivi_compattanti;ghiandola_caustica;ventriglio_gastroliti,foresta_miceliale
legacy_index,flagelli_ancoranti,,i18n:traits.flagelli_ancoranti.label,T1,0,coverage_q4_2025,filamenti_digestivi_compattanti;ventriglio_gastroliti,laguna_bioreattiva
legacy_index,ghiandole_grafene,,i18n:traits.ghiandole_grafene.label,T1,0,coverage_q4_2025,filamenti_digestivi_compattanti;ventriglio_gastroliti,steppe_algoritmiche
legacy_index,grassi_termici,,i18n:traits.grassi_termici.label,T1,1,controllo_psionico,filamenti_digestivi_compattanti;ventriglio_gastroliti,foresta_miceliale
legacy_index,luminescenza_aurorale,,i18n:traits.luminescenza_aurorale.label,T1,0,coverage_q4_2025,filamenti_digestivi_compattanti;ventriglio_gastroliti,caldera_glaciale
legacy_index,sonno_emisferico_alternato,,i18n:traits.sonno_emisferico_alternato.label,T1,1,controllo_psionico,artigli_sghiaccio_glaciale;occhi_infrarosso_composti,caverna_risonante
legacy_index,antenne_flusso_mareale,,i18n:traits.antenne_flusso_mareale.label,T1,0,coverage_q4_2025,coda_frusta_cinetica;sangue_piroforico,laguna_bioreattiva
legacy_index,artigli_induzione,,i18n:traits.artigli_induzione.label,T1,0,coverage_q4_2025,coda_frusta_cinetica;sangue_piroforico,canopia_ionica
legacy_index,artigli_ipo_termici,,i18n:traits.artigli_ipo_termici.label,T3,0,coverage_q4_2025,motore_biologico_silenzioso;visione_multi_spettrale_amplificata,terrestre
legacy_index,artiglio_cinetico_a_urto,,i18n:traits.artiglio_cinetico_a_urto.label,T4,0,coverage_q4_2025,estroflessione_gastrica_acida;locomozione_miriapode_ibrida,terrestre
legacy_index,aura_di_dispersione_mentale,,i18n:traits.aura_di_dispersione_mentale.label,T3,0,coverage_q4_2025,corna_psico_conduttive,terrestre
legacy_index,biochip_memoria,,i18n:traits.biochip_memoria.label,T1,0,coverage_q4_2025,coda_frusta_cinetica;sangue_piroforico,steppe_algoritmiche
legacy_index,camere_anticorrosione,,i18n:traits.camere_anticorrosione.label,T1,0,coverage_q4_2025,coda_frusta_cinetica;sangue_piroforico,foresta_acida
legacy_index,cannone_sonico_a_raggio,,i18n:traits.cannone_sonico_a_raggio.label,T4,0,coverage_q4_2025,ali_fono_risonanti;campo_di_interferenza_acustica;occhi_cinetici,terrestre
legacy_index,canto_infrasonico_tattico,,i18n:traits.canto_infrasonico_tattico.label,T4,0,coverage_q4_2025,scheletro_pneumatico_a_maglie,terrestre
legacy_index,cartilagini_biofibre,,i18n:traits.cartilagini_biofibre.label,T1,0,coverage_q4_2025,coda_frusta_cinetica;sangue_piroforico,reef_luminescente
legacy_index,circolazione_supercritica,,i18n:traits.circolazione_supercritica.label,T1,0,coverage_q4_2025,coda_frusta_cinetica;sangue_piroforico,abisso_vulcanico
legacy_index,coda_stabilizzatrice_vortex,,i18n:traits.coda_stabilizzatrice_vortex.label,T1,0,coverage_q4_2025,coda_frusta_cinetica;sangue_piroforico,stratosfera_tempestosa
legacy_index,denti_chelatanti,,i18n:traits.denti_chelatanti.label,T1,0,coverage_q4_2025,coda_frusta_cinetica;sangue_piroforico,foresta_acida
legacy_index,elettromagnete_biologico,,i18n:traits.elettromagnete_biologico.label,T4,0,coverage_q4_2025,filtro_metallofago;integumento_bipolare,terrestre
legacy_index,enzimi_metanoossidanti,,i18n:traits.enzimi_metanoossidanti.label,T1,0,coverage_q4_2025,coda_frusta_cinetica;sangue_piroforico,abisso_vulcanico
legacy_index,estroflessione_gastrica_acida,,i18n:traits.estroflessione_gastrica_acida.label,T4,0,coverage_q4_2025,artiglio_cinetico_a_urto;ermafroditismo_cronologico,terrestre
legacy_index,foliaggio_spugna,,i18n:traits.foliaggio_spugna.label,T1,0,coverage_q4_2025,coda_frusta_cinetica;sangue_piroforico,mangrovieto_cinetico
legacy_index,frusta_fiammeggiante,,i18n:traits.frusta_fiammeggiante.label,T2,1,pathfinder_dataset,focus_frazionato;mantello_meteoritico,rovine_planari
legacy_index,ghiandola_caustica,,i18n:traits.ghiandola_caustica.label,T1,1,controllo_psionico,campo_di_interferenza_acustica;enzimi_chelanti;respiro_a_scoppio;sistemi_chimio_sonici,foresta_miceliale
legacy_index,ghiandole_iodoattive,,i18n:traits.ghiandole_iodoattive.label,T1,0,coverage_q4_2025,coda_frusta_cinetica;sangue_piroforico,pianura_salina_iperarida
legacy_index,gusci_magnesio,,i18n:traits.gusci_magnesio.label,T1,0,coverage_q4_2025,coda_frusta_cinetica;sangue_piroforico,dorsale_termale_tropicale
legacy_index,mantelli_geotermici,,i18n:traits.mantelli_geotermici.label,T1,0,coverage_q4_2025,coda_frusta_cinetica;sangue_piroforico,caldera_glaciale
legacy_index,rostro_emostatico_litico,,i18n:traits.rostro_emostatico_litico.label,T4,0,incoming_tr1100_pack,ectotermia_dinamica;organi_sismici_cutanei;scheletro_idraulico_a_pistoni,terrestre
legacy_index,sangue_piroforico,,i18n:traits.sangue_piroforico.label,T1,1,controllo_psionico,antenne_flusso_mareale;artigli_induzione;biochip_memoria;camere_anticorrosione;cartilagini_biofibre;circolazione_supercritica;coda_stabilizzatrice_vortex;denti_chelatanti;enzimi_metanoossidanti;foliaggio_spugna;ghiandole_iodoattive;gusci_magnesio;lamelle_termoforetiche;mantelli_geotermici,caverna_risonante
legacy_index,seta_conduttiva_elettrica,,i18n:traits.seta_conduttiva_elettrica.label,T4,0,coverage_q4_2025,occhi_analizzatori_di_tensione;zanne_idracida,terrestre
legacy_index,zanne_idracida,,i18n:traits.zanne_idracida.label,T4,0,coverage_q4_2025,articolazioni_a_leva_idraulica;filtrazione_osmotica;seta_conduttiva_elettrica,terrestre
legacy_index,branchie_osmotiche_salmastra,,i18n:traits.branchie_osmotiche_salmastra.label,T2,1,controllo_psionico,mucillagine_simbionte_mangrovie;scheletro_idro_regolante,delta_salmastri
legacy_index,lamelle_termoforetiche,,i18n:traits.lamelle_termoforetiche.label,T2,1,controllo_psionico,sangue_piroforico,sorgenti_geotermiche
legacy_index,membrane_eliofiltranti,,i18n:traits.membrane_eliofiltranti.label,T2,1,controllo_psionico,piume_solari_fotovoltaiche;polmoni_cristallini_alta_quota,laghi_alcalini
legacy_index,polmoni_cristallini_alta_quota,,i18n:traits.polmoni_cristallini_alta_quota.label,T2,1,controllo_psionico,membrane_eliofiltranti,picchi_cristallini
legacy_index,respiro_a_scoppio,,i18n:traits.respiro_a_scoppio.label,T1,1,controllo_psionico,ghiandola_caustica;sacche_galleggianti_ascensoriali;squame_rifrangenti_deserto,caverna_risonante
legacy_index,ermafroditismo_cronologico,,i18n:traits.ermafroditismo_cronologico.label,T3,0,coverage_q4_2025,estroflessione_gastrica_acida;locomozione_miriapode_ibrida,terrestre
legacy_index,moltiplicazione_per_fusione,,i18n:traits.moltiplicazione_per_fusione.label,T2,0,coverage_q4_2025,cisti_di_ibernazione_minerale;membrana_plastica_continua,terrestre
legacy_index,nucleo_ovomotore_rotante,,i18n:traits.nucleo_ovomotore_rotante.label,T1,1,controllo_psionico,coda_balanciere;flusso_ameboide_controllato;locomozione_miriapode_ibrida,caverna_risonante
legacy_index,ali_fulminee,,i18n:traits.ali_fulminee.label,T1,0,coverage_q4_2025,focus_frazionato;sinapsi_coraline_polifoniche,stratosfera_tempestosa
legacy_index,antenne_plasmatiche_tempesta,,i18n:traits.antenne_plasmatiche_tempesta.label,T3,1,controllo_psionico,carapace_luminiscente_abissale;focus_frazionato;risonanza_di_branco;sinapsi_coraline_polifoniche,cicloni_psionici
legacy_index,antenne_waveguide,,i18n:traits.antenne_waveguide.label,T1,0,coverage_q4_2025,focus_frazionato;sinapsi_coraline_polifoniche,reef_luminescente
legacy_index,baffi_mareomotori,,i18n:traits.baffi_mareomotori.label,T1,0,coverage_q4_2025,focus_frazionato;sinapsi_coraline_polifoniche,mangrovieto_cinetico
legacy_index,branchie_eoliche,,i18n:traits.branchie_eoliche.label,T1,0,coverage_q4_2025,focus_frazionato;sinapsi_coraline_polifoniche,stratosfera_tempestosa
legacy_index,capillari_fluoridici,,i18n:traits.capillari_fluoridici.label,T1,0,coverage_q4_2025,focus_frazionato;sinapsi_coraline_polifoniche,foresta_acida
legacy_index,cavita_risonanti_tundra,,i18n:traits.cavita_risonanti_tundra.label,T1,1,controllo_psionico,criostasi_adattiva;eco_interno_riflesso;empatia_coordinativa;risonanza_di_branco,tundra_risonante
legacy_index,cervelletto_equilibrio_statico,,i18n:traits.cervelletto_equilibrio_statico.label,T1,0,coverage_q4_2025,focus_frazionato;sinapsi_coraline_polifoniche,canopia_ionica
legacy_index,coda_balanciere,,i18n:traits.coda_balanciere.label,T1,0,coverage_q4_2025,focus_frazionato;nucleo_ovomotore_rotante;occhi_cristallo_modulare;sinapsi_coraline_polifoniche,caverna_risonante
legacy_index,cuore_multicamera_bassa_pressione,,i18n:traits.cuore_multicamera_bassa_pressione.label,T1,0,coverage_q4_2025,focus_frazionato;sinapsi_coraline_polifoniche,stratosfera_tempestosa
legacy_index,echi_risonanti,,i18n:traits.echi_risonanti.label,T1,0,coverage_q4_2025,focus_frazionato;occhi_cristallo_modulare;sinapsi_coraline_polifoniche,caverna_risonante
legacy_index,eco_interno_riflesso,,i18n:traits.eco_interno_riflesso.label,T2,1,controllo_psionico,cavita_risonanti_tundra;olfatto_risonanza_magnetica;sensori_geomagnetici,canopia_psionica_leggera;falde_magnetiche_psioniche
legacy_index,filamenti_superconduttivi,,i18n:traits.filamenti_superconduttivi.label,T1,0,coverage_q4_2025,focus_frazionato;sinapsi_coraline_polifoniche,caldera_glaciale
legacy_index,ghiandole_eco_mappanti,,i18n:traits.ghiandole_eco_mappanti.label,T1,0,coverage_q4_2025,focus_frazionato;sinapsi_coraline_polifoniche,caverna_risonante
legacy_index,ghiandole_resina_conduttiva,,i18n:traits.ghiandole_resina_conduttiva.label,T1,0,coverage_q4_2025,focus_frazionato;sinapsi_coraline_polifoniche,canopia_ionica
legacy_index,integumento_bipolare,,i18n:traits.integumento_bipolare.label,T3,0,coverage_q4_2025,bozzolo_magnetico;elettromagnete_biologico;scivolamento_magnetico,terrestre
legacy_index,lamine_scudo_silice,,i18n:traits.lamine_scudo_silice.label,T1,0,coverage_q4_2025,focus_frazionato;sinapsi_coraline_polifoniche,dorsale_termale_tropicale
legacy_index,lingua_tattile_trama,,i18n:traits.lingua_tattile_trama.label,T1,1,controllo_psionico,olfatto_risonanza_magnetica,caverna_risonante
legacy_index,midollo_antivibrazione,,i18n:traits.midollo_antivibrazione.label,T1,0,coverage_q4_2025,focus_frazionato;occhi_cristallo_modulare;sinapsi_coraline_polifoniche,caverna_risonante
legacy_index,occhi_analizzatori_di_tensione,,i18n:traits.occhi_analizzatori_di_tensione.label,T2,0,coverage_q4_2025,articolazioni_a_leva_idraulica;seta_conduttiva_elettrica,terrestre
legacy_index,occhi_cinetici,,i18n:traits.occhi_cinetici.label,T2,0,coverage_q4_2025,ali_fono_risonanti;campo_di_interferenza_acustica;cannone_sonico_a_raggio;occhi_cristallo_modulare,terrestre
legacy_index,occhi_cristallo_modulare,,i18n:traits.occhi_cristallo_modulare.label,T2,1,pathfinder_dataset,ali_solari_fotoni;coda_balanciere;echi_risonanti;midollo_antivibrazione;occhi_cinetici;visione_multi_spettrale_amplificata,mezzanotte_orbitale
legacy_index,occhi_infrarosso_composti,,i18n:traits.occhi_infrarosso_composti.label,T1,1,controllo_psionico,sonno_emisferico_alternato,caverna_risonante
legacy_index,olfatto_risonanza_magnetica,,i18n:traits.olfatto_risonanza_magnetica.label,T2,1,controllo_psionico,eco_interno_riflesso;lingua_tattile_trama,falde_magnetiche_psioniche;orbita_psionica_inversa
legacy_index,organi_sismici_cutanei,,i18n:traits.organi_sismici_cutanei.label,T2,0,incoming_tr1100_pack,rostro_emostatico_litico,terrestre
legacy_index,sensori_geomagnetici,,i18n:traits.sensori_geomagnetici.label,T1,1,controllo_psionico,carapace_fase_variabile;eco_interno_riflesso,pianure_magnetiche
legacy_index,sistemi_chimio_sonici,,i18n:traits.sistemi_chimio_sonici.label,T3,0,coverage_q4_2025,ghiandola_caustica;locomozione_miriapode_ibrida,terrestre
legacy_index,visione_multi_spettrale_amplificata,,i18n:traits.visione_multi_spettrale_amplificata.label,T3,0,coverage_q4_2025,artigli_ipo_termici;occhi_cristallo_modulare;vello_di_assorbimento_totale,terrestre
legacy_index,antenne_reagenti,,i18n:traits.antenne_reagenti.label,T1,0,coverage_q4_2025,mucillagine_simbionte_mangrovie;nodi_micorrizici_oracolari,foresta_acida
legacy_index,artigli_scivolo_silente,,i18n:traits.artigli_scivolo_silente.label,T1,0,coverage_q4_2025,mucillagine_simbionte_mangrovie;nodi_micorrizici_oracolari,caverna_risonante
legacy_index,biofilm_iperarido,,i18n:traits.biofilm_iperarido.label,T1,0,coverage_q4_2025,mucillagine_simbionte_mangrovie;nodi_micorrizici_oracolari,pianura_salina_iperarida
legacy_index,bulbi_radici_permafrost,,i18n:traits.bulbi_radici_permafrost.label,T2,1,controllo_psionico,chioma_parassita_canopica;nodi_micorrizici_oracolari;vello_condensatore_nebbie,permafrost_psionico
legacy_index,camere_nutrienti_vent,,i18n:traits.camere_nutrienti_vent.label,T1,0,coverage_q4_2025,mucillagine_simbionte_mangrovie;nodi_micorrizici_oracolari,dorsale_termale_tropicale
legacy_index,cartilagini_flessoacustiche,,i18n:traits.cartilagini_flessoacustiche.label,T1,0,coverage_q4_2025,mucillagine_simbionte_mangrovie;nodi_micorrizici_oracolari,caverna_risonante
legacy_index,chioma_parassita_canopica,,i18n:traits.chioma_parassita_canopica.label,T1,1,controllo_psionico,bulbi_radici_permafrost;nodi_micorrizici_oracolari,canopie_sospese
legacy_index,ciste_salmastre,,i18n:traits.ciste_salmastre.label,T1,0,coverage_q4_2025,mucillagine_simbionte_mangrovie;nodi_micorrizici_oracolari,pianura_salina_iperarida
legacy_index,coralli_partner,,i18n:traits.coralli_partner.label,T1,0,coverage_q4_2025,mucillagine_simbionte_mangrovie;nodi_micorrizici_oracolari,reef_luminescente
legacy_index,denti_silice_termici,,i18n:traits.denti_silice_termici.label,T1,0,coverage_q4_2025,mucillagine_simbionte_mangrovie;nodi_micorrizici_oracolari,dorsale_termale_tropicale
legacy_index,epitelio_fosforescente,,i18n:traits.epitelio_fosforescente.label,T1,0,coverage_q4_2025,mucillagine_simbionte_mangrovie;nodi_micorrizici_oracolari,reef_luminescente
legacy_index,ghiandole_cambio_salino,,i18n:traits.ghiandole_cambio_salino.label,T1,0,coverage_q4_2025,mucillagine_simbionte_mangrovie;nodi_micorrizici_oracolari,laguna_bioreattiva
legacy_index,ghiandole_nebbia_acida,,i18n:traits.ghiandole_nebbia_acida.label,T1,0,coverage_q4_2025,mucillagine_simbionte_mangrovie;nodi_micorrizici_oracolari,foresta_acida
legacy_index,lamelle_sincroniche,,i18n:traits.lamelle_sincroniche.label,T1,0,coverage_q4_2025,mucillagine_simbionte_mangrovie;nodi_micorrizici_oracolari,steppe_algoritmiche
legacy_index,membrane_planata_vectored,,i18n:traits.membrane_planata_vectored.label,T1,0,coverage_q4_2025,mucillagine_simbionte_mangrovie;nodi_micorrizici_oracolari,canopia_ionica
legacy_index,mucillagine_simbionte_mangrovie,,i18n:traits.mucillagine_simbionte_mangrovie.label,T1,1,controllo_psionico,antenne_reagenti;artigli_scivolo_silente;biofilm_iperarido;branchie_osmotiche_salmastra;camere_nutrienti_vent;cartilagini_flessoacustiche;circolazione_bifasica_palude;ciste_salmastre;coralli_partner;denti_silice_termici;epitelio_fosforescente;ghiandole_cambio_salino;ghiandole_nebbia_acida;lamelle_sincroniche;membrane_planata_vectored;nodi_micorrizici_oracolari,mangrovie_risonanti
legacy_index,nodi_micorrizici_oracolari,,i18n:traits.nodi_micorrizici_oracolari.label,T3,1,controllo_psionico,antenne_reagenti;artigli_scivolo_silente;biofilm_iperarido;bulbi_radici_permafrost;camere_nutrienti_vent;cartilagini_flessoacustiche;chioma_parassita_canopica;ciste_salmastre;coralli_partner;denti_silice_termici;epitelio_fosforescente;ghiandole_cambio_salino;ghiandole_nebbia_acida;lamelle_sincroniche;membrane_planata_vectored;mucillagine_simbionte_mangrovie,reti_micorriziche
legacy_index,sacche_spore_stratosferiche,,i18n:traits.sacche_spore_stratosferiche.label,T3,1,controllo_psionico,piume_solari_fotovoltaiche,stratosfera_portante
legacy_index,sinapsi_coraline_polifoniche,,i18n:traits.sinapsi_coraline_polifoniche.label,T2,1,controllo_psionico,ali_fulminee;antenne_plasmatiche_tempesta;antenne_waveguide;baffi_mareomotori;branchie_eoliche;capillari_fluoridici;carapace_luminiscente_abissale;cervelletto_equilibrio_statico;coda_balanciere;cuore_multicamera_bassa_pressione;echi_risonanti;filamenti_superconduttivi;ghiandole_eco_mappanti;ghiandole_resina_conduttiva;lamine_scudo_silice;midollo_antivibrazione,barriere_coralline_psioniche
legacy_index,antenne_microonde_cavernose,,i18n:traits.antenne_microonde_cavernose.label,T1,0,coverage_q4_2025,pathfinder;pianificatore;tattiche_di_branco,caverna_risonante
legacy_index,artigli_radice,,i18n:traits.artigli_radice.label,T1,0,coverage_q4_2025,pianificatore;tattiche_di_branco,mangrovieto_cinetico
legacy_index,biofilm_glow,,i18n:traits.biofilm_glow.label,T1,0,coverage_q4_2025,pathfinder;pianificatore;random;secrezione_rallentante_palmi;tattiche_di_branco,reef_luminescente
legacy_index,camere_mirage,,i18n:traits.camere_mirage.label,T1,0,coverage_q4_2025,pathfinder;pianificatore;random;tattiche_di_branco,pianura_salina_iperarida
legacy_index,cartilagini_desertiche,,i18n:traits.cartilagini_desertiche.label,T1,0,coverage_q4_2025,pianificatore;tattiche_di_branco,pianura_salina_iperarida
legacy_index,ciste_riduttive,,i18n:traits.ciste_riduttive.label,T1,0,coverage_q4_2025,pianificatore;secrezione_rallentante_palmi;tattiche_di_branco,laguna_bioreattiva
legacy_index,colonne_vibromagnetiche,,i18n:traits.colonne_vibromagnetiche.label,T1,0,coverage_q4_2025,pathfinder;pianificatore;random;tattiche_di_branco,caverna_risonante
legacy_index,denti_ossidoferro,,i18n:traits.denti_ossidoferro.label,T1,0,coverage_q4_2025,pianificatore;tattiche_di_branco,abisso_vulcanico
legacy_index,epidermide_dielettrica,,i18n:traits.epidermide_dielettrica.label,T1,0,coverage_q4_2025,pianificatore;tattiche_di_branco,stratosfera_tempestosa
legacy_index,focus_frazionato,,i18n:traits.focus_frazionato.label,T1,1,controllo_psionico,ali_fulminee;antenne_plasmatiche_tempesta;antenne_waveguide;baffi_mareomotori;branchie_eoliche;capillari_fluoridici;cervelletto_equilibrio_statico;coda_balanciere;cuore_multicamera_bassa_pressione;echi_risonanti;filamenti_superconduttivi;frusta_fiammeggiante;ghiandole_eco_mappanti;ghiandole_resina_conduttiva;lamine_scudo_silice;midollo_antivibrazione;random;spore_psichiche_silenziate,foresta_miceliale
legacy_index,ghiaccio_piezoelettrico,,i18n:traits.ghiaccio_piezoelettrico.label,T1,0,coverage_q4_2025,pathfinder;pianificatore;tattiche_di_branco,caldera_glaciale
legacy_index,ghiandole_minerali,,i18n:traits.ghiandole_minerali.label,T1,0,coverage_q4_2025,pianificatore;tattiche_di_branco,dorsale_termale_tropicale
legacy_index,lamelle_shear,,i18n:traits.lamelle_shear.label,T1,0,coverage_q4_2025,pianificatore;secrezione_rallentante_palmi;tattiche_di_branco,stratosfera_tempestosa
legacy_index,membrane_captura_rugiada,,i18n:traits.membrane_captura_rugiada.label,T1,0,coverage_q4_2025,pathfinder;pianificatore;tattiche_di_branco,pianura_salina_iperarida
legacy_index,pathfinder,,i18n:traits.pathfinder.label,T1,1,controllo_psionico,antenne_microonde_cavernose;biofilm_glow;camere_mirage;colonne_vibromagnetiche;ghiaccio_piezoelettrico;membrane_captura_rugiada,foresta_miceliale
legacy_index,pianificatore,,i18n:traits.pianificatore.label,T1,1,controllo_psionico,antenne_microonde_cavernose;artigli_radice;biofilm_glow;camere_mirage;cartilagini_desertiche;ciste_riduttive;colonne_vibromagnetiche;denti_ossidoferro;epidermide_dielettrica;ghiaccio_piezoelettrico;ghiandole_minerali;lamelle_shear;membrane_captura_rugiada;random,foresta_miceliale
legacy_index,random,,i18n:traits.random.label,T1,1,controllo_psionico,biofilm_glow;camere_mirage;colonne_vibromagnetiche;focus_frazionato;pianificatore;tattiche_di_branco,foresta_miceliale
legacy_index,tattiche_di_branco,,i18n:traits.tattiche_di_branco.label,T1,1,controllo_psionico,antenne_microonde_cavernose;artigli_radice;artigli_sette_vie;biofilm_glow;camere_mirage;cartilagini_desertiche;ciste_riduttive;colonne_vibromagnetiche;denti_ossidoferro;epidermide_dielettrica;ghiaccio_piezoelettrico;ghiandole_minerali;lamelle_shear;membrane_captura_rugiada;random;spore_psichiche_silenziate,foresta_miceliale
legacy_index,antenne_tesla,,i18n:traits.antenne_tesla.label,T1,0,coverage_q4_2025,ali_solari_fotoni;scheletro_idro_regolante;struttura_elastica_amorfa,canopia_ionica
legacy_index,artigli_vetrificati,,i18n:traits.artigli_vetrificati.label,T1,0,coverage_q4_2025,scheletro_idro_regolante;struttura_elastica_amorfa,caldera_glaciale
legacy_index,branchie_dual_mode,,i18n:traits.branchie_dual_mode.label,T1,0,coverage_q4_2025,scheletro_idro_regolante;struttura_elastica_amorfa,laguna_bioreattiva
legacy_index,capillari_criogenici,,i18n:traits.capillari_criogenici.label,T1,0,coverage_q4_2025,scheletro_idro_regolante;struttura_elastica_amorfa,caldera_glaciale
legacy_index,carapace_fase_variabile,,i18n:traits.carapace_fase_variabile.label,T1,1,controllo_psionico,ali_membrana_sonica;appendici_risonanti_marea;armatura_pietra_planare;barriere_miasma_glaciale;branchie_microfiltri;capsule_paracadute;cartilagine_flessotermica_venti;circolazione_bifasica;coda_coppia_retroattiva;cute_resistente_sali;enzimi_antipredatori_algali;filtri_planctonici;ghiandole_fango_coesivo;giunti_antitorsione;lingua_cristallina;mantello_meteoritico;mucose_barofile;sensori_geomagnetici,canopia_psionica_leggera;falde_magnetiche_psioniche
legacy_index,carapace_luminiscente_abissale,,i18n:traits.carapace_luminiscente_abissale.label,T3,1,controllo_psionico,antenne_plasmatiche_tempesta;risonanza_di_branco;sinapsi_coraline_polifoniche,abisso_luminescente
legacy_index,cartilagini_pseudometalliche,,i18n:traits.cartilagini_pseudometalliche.label,T1,0,coverage_q4_2025,scheletro_idro_regolante;struttura_elastica_amorfa,abisso_vulcanico
legacy_index,cisti_iperbariche,,i18n:traits.cisti_iperbariche.label,T1,0,coverage_q4_2025,scheletro_idro_regolante;struttura_elastica_amorfa,abisso_vulcanico
legacy_index,cromofori_alert_acido,,i18n:traits.cromofori_alert_acido.label,T1,0,coverage_q4_2025,scheletro_idro_regolante;struttura_elastica_amorfa,foresta_acida
legacy_index,denti_tuning_fork,,i18n:traits.denti_tuning_fork.label,T1,0,coverage_q4_2025,scheletro_idro_regolante;struttura_elastica_amorfa,caverna_risonante
legacy_index,filamenti_magnetotrofi,,i18n:traits.filamenti_magnetotrofi.label,T1,0,coverage_q4_2025,scheletro_idro_regolante;struttura_elastica_amorfa,abisso_vulcanico
legacy_index,ghiandole_condensa_ozono,,i18n:traits.ghiandole_condensa_ozono.label,T1,0,coverage_q4_2025,scheletro_idro_regolante;struttura_elastica_amorfa,stratosfera_tempestosa
legacy_index,ghiandole_nebbia_ionica,,i18n:traits.ghiandole_nebbia_ionica.label,T1,0,coverage_q4_2025,scheletro_idro_regolante;struttura_elastica_amorfa,canopia_ionica
legacy_index,lamine_filtranti_aeree,,i18n:traits.lamine_filtranti_aeree.label,T1,0,coverage_q4_2025,scheletro_idro_regolante;struttura_elastica_amorfa,mangrovieto_cinetico
legacy_index,membrane_pneumatofori,,i18n:traits.membrane_pneumatofori.label,T1,0,coverage_q4_2025,scheletro_idro_regolante;struttura_elastica_amorfa,mangrovieto_cinetico
legacy_index,scheletro_idro_regolante,,i18n:traits.scheletro_idro_regolante.label,T1,1,controllo_psionico,antenne_tesla;artigli_vetrificati;branchie_dual_mode;branchie_osmotiche_salmastra;capillari_criogenici;cartilagini_pseudometalliche;cisti_iperbariche;cromofori_alert_acido;denti_tuning_fork;filamenti_magnetotrofi;ghiandole_condensa_ozono;ghiandole_nebbia_ionica;lamine_filtranti_aeree;membrane_pneumatofori;sacche_galleggianti_ascensoriali;struttura_elastica_amorfa,caverna_risonante
legacy_index,struttura_elastica_amorfa,,i18n:traits.struttura_elastica_amorfa.label,T1,1,controllo_psionico,antenne_tesla;artigli_sette_vie;artigli_vetrificati;branchie_dual_mode;capillari_criogenici;cartilagini_pseudometalliche;cisti_iperbariche;cromofori_alert_acido;denti_tuning_fork;filamenti_magnetotrofi;ghiandole_condensa_ozono;ghiandole_nebbia_ionica;lamine_filtranti_aeree;membrane_pneumatofori;mimetismo_cromatico_passivo;sacche_galleggianti_ascensoriali;scheletro_idro_regolante,canopia_psionica_leggera;falde_magnetiche_psioniche
legacy_index,antenne_eco_turbina,,i18n:traits.antenne_eco_turbina.label,T1,0,coverage_q4_2025,empatia_coordinativa;risonanza_di_branco,dorsale_termale_tropicale
legacy_index,artigli_acidofagi,,i18n:traits.artigli_acidofagi.label,T1,0,coverage_q4_2025,empatia_coordinativa;risonanza_di_branco,foresta_acida
legacy_index,aura_scudo_radianza,,i18n:traits.aura_scudo_radianza.label,T3,1,pathfinder_dataset,empatia_coordinativa;risonanza_di_branco,rovine_planari
legacy_index,batteri_termofili_endosimbiosi,,i18n:traits.batteri_termofili_endosimbiosi.label,T1,0,coverage_q4_2025,empatia_coordinativa;risonanza_di_branco,dorsale_termale_tropicale
legacy_index,branchie_turbina,,i18n:traits.branchie_turbina.label,T1,0,coverage_q4_2025,empatia_coordinativa;risonanza_di_branco,dorsale_termale_tropicale
legacy_index,carapaci_ferruginosi,,i18n:traits.carapaci_ferruginosi.label,T1,0,coverage_q4_2025,empatia_coordinativa;risonanza_di_branco,abisso_vulcanico
legacy_index,circolazione_doppia,,i18n:traits.circolazione_doppia.label,T1,0,coverage_q4_2025,empatia_coordinativa;risonanza_di_branco,dorsale_termale_tropicale
legacy_index,coda_stabilizzatrice_geiser,,i18n:traits.coda_stabilizzatrice_geiser.label,T1,0,coverage_q4_2025,empatia_coordinativa;risonanza_di_branco,dorsale_termale_tropicale
legacy_index,cuticole_neutralizzanti,,i18n:traits.cuticole_neutralizzanti.label,T1,0,coverage_q4_2025,empatia_coordinativa;risonanza_di_branco,foresta_acida
legacy_index,empatia_coordinativa,,i18n:traits.empatia_coordinativa.label,T1,1,controllo_psionico,antenne_eco_turbina;artigli_acidofagi;aura_scudo_radianza;batteri_termofili_endosimbiosi;branchie_turbina;carapaci_ferruginosi;cavita_risonanti_tundra;circolazione_doppia;coda_stabilizzatrice_geiser;cuticole_neutralizzanti;enzimi_chelatori_rapidi;foliage_fotocatodico;ghiandole_inchiostro_luce;gusci_criovetro;luminescenza_hydrotermica;spore_psichiche_silenziate,foresta_miceliale
legacy_index,enzimi_chelatori_rapidi,,i18n:traits.enzimi_chelatori_rapidi.label,T1,0,coverage_q4_2025,empatia_coordinativa;risonanza_di_branco,foresta_acida
legacy_index,foliage_fotocatodico,,i18n:traits.foliage_fotocatodico.label,T1,0,coverage_q4_2025,empatia_coordinativa;risonanza_di_branco,foresta_acida
legacy_index,ghiandole_inchiostro_luce,,i18n:traits.ghiandole_inchiostro_luce.label,T1,0,coverage_q4_2025,empatia_coordinativa;risonanza_di_branco,reef_luminescente
legacy_index,gusci_criovetro,,i18n:traits.gusci_criovetro.label,T1,0,coverage_q4_2025,empatia_coordinativa;risonanza_di_branco,caldera_glaciale
legacy_index,luminescenza_hydrotermica,,i18n:traits.luminescenza_hydrotermica.label,T1,0,coverage_q4_2025,empatia_coordinativa;risonanza_di_branco,abisso_vulcanico
legacy_index,risonanza_di_branco,,i18n:traits.risonanza_di_branco.label,T1,1,controllo_psionico,antenne_eco_turbina;antenne_plasmatiche_tempesta;artigli_acidofagi;aura_scudo_radianza;batteri_termofili_endosimbiosi;branchie_turbina;carapace_luminiscente_abissale;carapaci_ferruginosi;cavita_risonanti_tundra;circolazione_doppia;coda_stabilizzatrice_geiser;cuticole_neutralizzanti;enzimi_chelatori_rapidi;foliage_fotocatodico;ghiandole_inchiostro_luce;gusci_criovetro;luminescenza_hydrotermica,foresta_miceliale
legacy_index,mimetismo_cromatico_passivo,,i18n:traits.mimetismo_cromatico_passivo.label,T1,1,controllo_psionico,ali_membrana_sonica;appendici_risonanti_marea;artigli_sette_vie;barriere_miasma_glaciale;branchie_microfiltri;capsule_paracadute;circolazione_bifasica;coda_coppia_retroattiva;cute_resistente_sali;enzimi_antipredatori_algali;filtri_planctonici;ghiandole_fango_coesivo;giunti_antitorsione;lingua_cristallina;mucose_barofile;struttura_elastica_amorfa,canopia_psionica_leggera;falde_magnetiche_psioniche
legacy_index,piume_solari_fotovoltaiche,,i18n:traits.piume_solari_fotovoltaiche.label,T2,1,controllo_psionico,membrane_eliofiltranti;sacche_spore_stratosferiche,altipiani_solari
legacy_index,secrezione_rallentante_palmi,,i18n:traits.secrezione_rallentante_palmi.label,T1,1,controllo_psionico,biofilm_glow;ciste_riduttive;lamelle_shear;membrana_plastica_continua,caverna_risonante
legacy_index,squame_rifrangenti_deserto,,i18n:traits.squame_rifrangenti_deserto.label,T2,1,controllo_psionico,respiro_a_scoppio,dune_cristalline
legacy_index,vello_condensatore_nebbie,,i18n:traits.vello_condensatore_nebbie.label,T1,1,controllo_psionico,bulbi_radici_permafrost,foreste_nubose
legacy_index,coscienza_dalveare_diffusa,,i18n:traits.coscienza_d_alveare_diffusa.label,T4,0,coverage_q4_2025,corna_psico_conduttive,terrestre
legacy_index,traits_aggregate,,Aggregato tratti Evo,T0,0,external_evo_pack,,
